ID,Gender,WeightClass,Country,Name,Nickname,CareerEarnings,Win,Loss,WinPercentage,Draw,NoContest,CurrentChampion
1,Male,Heavyweight,USA,Frank Mir,,3289,16,10,0.62,,,
2,Male,Heavyweight,BRA,Gabriel Gonzaga,Napão,1134,11,9,0.55,,,
3,Male,Heavyweight,Other,Andrei Arlovski,Pit Bull,1339,14,4,0.78,,,
4,Male,Heavyweight,Other,Stefan Struve,Skyscraper,850,10,5,0.67,,,
5,Male,Heavyweight,USA,Roy Nelson,Big Country,761,7,8,0.47,,,
6,Male,Heavyweight,BRA,Junior Dos Santos,Cigano,2320,11,2,0.85,,,
7,Male,Heavyweight,USA,Cain Velasquez,,2310,11,2,0.85,,,
8,Male,Heavyweight,USA,Matt Mitrione,Meathead,598,9,4,0.69,,,
9,Male,Heavyweight,USA,Josh Barnett,The Warmaster,560,9,3,0.75,,,
10,Male,Heavyweight,USA,Travis Browne,Hapa,814,8,3,0.73,1,,
11,Male,Heavyweight,BRA,Fabricio Werdum,Vai Cavalo,1476,8,3,0.73,,,X
12,Male,Heavyweight,Other,Mirko Filipovic,Cro Cop,2085,5,6,0.45,,,
13,Male,Heavyweight,Other,Mark Hunt,Super Samoan,1339,5,4,0.56,1,,
14,Male,Heavyweight,USA,Stipe Miocic,,459,7,2,0.78,,,
15,Male,Heavyweight,BRA,Antonio Silva,Bigfoot,715,3,5,0.38,1,,
16,Male,Heavyweight,Other,Alistair Overeem,The Reem,1507.142,5,3,0.63,,,
17,Male,Heavyweight,USA,Ben Rothwell,Big,811,5,3,0.63,,,
18,Male,Heavyweight,USA,Jared Rosholt,The Big Show,139,5,1,0.83,,,
19,Male,Heavyweight,USA,Derrick Lewis,The Black Beast,137,4,2,0.67,,,
20,Male,Heavyweight,USA,Todd Duffe,,133.5,3,2,0.6,,,
21,Male,Heavyweight,USA,Anthony Hamilton,Freight Train,54,2,2,0.5,,,
22,Male,Heavyweight,POL,Daniel Omielanczuk,,44.5,2,2,0.5,,,
23,Male,Heavyweight,RUS,Ruslan Magomedov,Leopard,62.5,3,0,1,,,
24,Male,Heavyweight,Other,Viktor Pesta,Poor Honza,38.5,1,2,0.33,,,
25,Male,Heavyweight,USA,Walt Harris,The Big Ticket,24,0,3,0,,,
26,Male,Heavyweight,RUS,Oleksiy Oliynyk,The Boa Constrictor,86,2,0,1,,,
27,Male,Heavyweight,USA,Timothy Johnson,,80.5,1,1,0.5,,,
28,Male,Heavyweight,RUS,Shamil Abdurakhimo,,12,0,1,0,,,
29,Male,Heavyweight,USA,Chris De La Rocha,,12.5,0,1,0,,,
30,Male,Heavyweight,RUS,Konstantin Erokhin,The Russian Bear,8,0,1,0,,,
31,Male,Heavyweight,Other,Jarjis Danho,Man Mountain,0,0,0,0,,,
32,Male,Heavyweight,POL,Damian Grabowski,Polish Pitbull,0,0,0,0,,,
33,Male,Heavyweight,BRA,Luis Henrique,KLB,0,0,0,0,,,
34,Male,Heavyweight,RUS,Bilyal Makhov,,0,0,0,0,,,
35,Male,Heavyweight,Other,Francis Ngannou,,0,0,0,0,,,
36,Male,Light Heavyweight,USA,Rashad Evans,Suga,4035,14,4,0.78,1,,
37,Male,Light Heavyweight,USA,Ryan Bader,Darth,1117,13,4,0.76,,,
38,Male,Light Heavyweight,USA,Jon Jones,Bones,3650,15,1,0.94,,,
39,Male,Light Heavyweight,USA,Anthony Johnson,Rumble,1598,11,5,0.69,,,
40,Male,Light Heavyweight,BRA,Mauricio Rua,Shogun,3460,7,8,0.47,,,
41,Male,Light Heavyweight,USA,Quinton Jackson,Rampage,3490,8,5,0.62,,,
42,Male,Light Heavyweight,SWE,Alexander Gustafsson,The Mauler,635,8,4,0.67,,,
43,Male,Light Heavyweight,USA,Daniel Cormier,DC,1246,10,1,0.91,,,X
44,Male,Light Heavyweight,USA,Ovince Saint Preux,OSP,510,8,3,0.73,,,
45,Male,Light Heavyweight,AUS,Anthony Perosh,The Hippo,204,5,6,0.45,,,
46,Male,Light Heavyweight,USA,Tom Lawlor,Filthy,407,6,4,0.6,,,
47,Male,Light Heavyweight,USA,Gian Villante,,296,6,4,0.6,,,
48,Male,Light Heavyweight,BRA,Fabio Maldonado,The Iron Hillbilly,282,5,5,0.5,,,
49,Male,Light Heavyweight,BRA,Glover Teixeira,,485,6,2,0.75,,,
50,Male,Light Heavyweight,BRA,Antonio Rogerio Nogueira,Little Nog,1132,4,4,0.5,,,
51,Male,Light Heavyweight,USA,Patrick Cummins,Durkin,115,4,2,0.67,,,
52,Male,Light Heavyweight,Other,Nikita Krylov,Al Capone,111,4,2,0.67,,,
53,Male,Light Heavyweight,GBR,Jimi Manuwa,Poster Boy,163,4,2,0.67,,,
54,Male,Light Heavyweight,BRA,Rafael Cavalcante,Feijão,222,2,3,0.4,,1,
55,Male,Light Heavyweight,SWE,Ilir Latifi,The Sledgehammer,54,3,2,0.6,,,
56,Male,Light Heavyweight,USA,Corey Anderson,Beastin 25/8,143.5,3,1,0.75,,,
57,Male,Light Heavyweight,USA,Sean O Connell,The Real OC,160,2,2,0.5,,,
58,Male,Light Heavyweight,BRA,Marcos Rogerio de Lima,Pezão,46.5,2,2,0.5,,,
59,Male,Light Heavyweight,BRA,Francimar Barroso,Bodão,44,2,1,0.67,,,
60,Male,Light Heavyweight,POL,Jan Blachowicz,Ksi??? Cieszy?ski,117.5,1,2,0.33,,,
61,Male,Light Heavyweight,USA,Chris Dempsey,,38.5,1,2,0.33,,,
62,Male,Light Heavyweight,Other,Misha Cirkunov,,22.5,1,0,1,,,
63,Male,Light Heavyweight,USA,Jonathan Wilson,Johnny Bravo,22.5,1,0,1,,,
64,Male,Light Heavyweight,USA,Keith Berish,Sha Bang Bang,8,0,0,0,,1,
65,Male,Light Heavyweight,USA,Jared Connonier,Tha Killa Gorilla,8,0,1,0,,,
66,Male,Light Heavyweight,USA,Daniel Jolly,Werewolf of Texas,12.5,0,1,0,,,
67,Male,Light Heavyweight,RUS,Abdul-Kerim Edilov,The Chechnyan Lion,0,0,0,0,,,
68,Male,Light Heavyweight,BRA,Leonardo Guimaraes,Leleco,0,0,0,0,,,
69,Male,Middleweight,GBR,Michael Bisping,The Count,5694,17,7,0.71,,,
70,Male,Middleweight,BRA,Lyoto Machida,The Dragon,3875,14,7,0.67,,,
71,Male,Middleweight,USA,Nate Marquardt,The Great,1142,12,9,0.57,,,
72,Male,Middleweight,BRA,Vitor Belfort,The Phenom,3119,13,7,0.65,,,
73,Male,Middleweight,BRA,Anderson Silva,The Spider,4717,16,2,0.89,,1,
74,Male,Middleweight,USA,Ed Herman,Short Fuse,813,9,8,0.53,,1,
75,Male,Middleweight,USA,Tim Boetsch,The Barbarian,784,9,8,0.53,,,
76,Male,Middleweight,USA,C.B. Dollaway,The Doberman,649,9,7,0.56,,,
77,Male,Middleweight,USA,Dan Henderson,Hendo,2750,9,7,0.56,,,
78,Male,Middleweight,USA,Alan Belcher,The Talent,632,9,6,0.6,,,
79,Male,Middleweight,USA,Nick Diaz,,1103.5,8,6,0.57,,1,
80,Male,Middleweight,BRA,Thales Leites,,503,10,4,0.71,,,
81,Male,Middleweight,USA,Chris Camozzi,,212,7,7,0.5,,,
82,Male,Middleweight,BRA,Rafael Natal,Sapo,440,8,4,0.67,1,,
83,Male,Middleweight,USA,Brad Tavares,,269,8,4,0.67,,,
84,Male,Middleweight,USA,Joe Riggs,Diesel,185,5,6,0.45,,,
85,Male,Middleweight,USA,Derek Brunson,,305,8,2,0.8,,,
86,Male,Middleweight,Other,Gegard Mousasi,The Dreamcatcher,1330,6,3,0.67,1,,
87,Male,Middleweight,USA,Trevor Smith,Hot Sauce,155,5,5,0.5,,,
88,Male,Middleweight,USA,Chris Weidman,The All-American,1796,9,0,1,,,X
89,Male,Middleweight,BRA,Ronaldo Souza,Jacare,620.5,8,1,0.89,,,
90,Male,Middleweight,Other,James Te Huna,,276,5,4,0.56,,,
91,Male,Middleweight,USA,Luke Rockhold,,570,7,1,0.88,,,
92,Male,Middleweight,Other,Uriah Hall,Prime Time,220,5,3,0.63,,,
93,Male,Middleweight,Other,Yoel Romero,Soldier of God,442,6,1,0.86,,,
94,Male,Middleweight,USA,Tim Kennedy,,440,5,2,0.71,,,
95,Male,Middleweight,AUS,Robert Whittaker,The Reaper,206,5,2,0.71,,,
96,Male,Middleweight,USA,Clint Hester,Headbussa,139,4,2,0.67,,,
97,Male,Middleweight,BRA,Caio Malgalhaes,Hellboy,121,4,2,0.67,,,
98,Male,Middleweight,BRA,Roan Carneiro,Jucão,63,3,3,0.5,,,
99,Male,Middleweight,USA,Tamdan McCrory,The Barn Cat,72,3,3,0.5,,,
100,Male,Middleweight,USA,Sam Alvey,Smile'N,134.5,3,2,0.6,,,
101,Male,Middleweight,BRA,Thiago Santos,Marreta,143.6,3,2,0.6,,,
102,Male,Middleweight,BRA,Daniel Sarafian,,122,2,3,0.4,,,
103,Male,Middleweight,SWE,Magnus Cedenblad,Jycken,104,3,1,0.75,,,
104,Male,Middleweight,GBR,Brad Scott,Bear,54,2,2,0.5,,,
105,Male,Middleweight,KOR,Dongyi Yang,The Ox,32,1,3,0.25,,,
106,Male,Middleweight,USA,Josh Samman,,82,3,0,1,,,
107,Male,Middleweight,CAN,Elias Theodorou,The Spartan,36,3,0,1,,,
108,Male,Middleweight,BRA,Antonio Carlos Junior,Cara de Sapato,65,2,1,0.67,,,
109,Male,Middleweight,BRA,Marcelo Guimaraes,Magrão,22,2,1,0.67,,,
110,Male,Middleweight,POL,Krzysztof Jotko,,36,2,1,0.67,,,
111,Male,Middleweight,AUS,Dan Kelly,,50,2,1,0.67,,,
112,Male,Middleweight,BRA,Vitor Miranda,Lex Luthor,100.5,2,1,0.67,,,
113,Male,Middleweight,USA,Kevin Casey,King,46.5,1,1,0.5,,1,
114,Male,Middleweight,BRA,Ricardo Abreu,Demente,28,1,1,0.5,,,
115,Male,Middleweight,GBR,Scott Askham,,28,1,1,0.5,,,
116,Male,Middleweight,USA,Jake Collier,The Prototype,28,1,1,0.5,,,
117,Male,Middleweight,USA,Buddy Roberts,,18,1,1,0.5,,,
118,Male,Middleweight,USA,Bubba Bus,The Fightin' Texas Aggie,8,0,0,0,,1,
119,Male,Middleweight,Other,Oluwale Bamgbose,Holy War Angel,12.5,0,1,0,,,
120,Male,Middleweight,CAN,Steve Bosse,The Boss,18,0,1,0,,,
121,Male,Middleweight,Other,Garreth McLellan,Soldier Boy,8,0,1,0,,,
122,Male,Middleweight,USA,CM Punk,CM Punk,0,0,0,0,,,
123,Male,Welterweight,CAN,Georges St-Pierre,Rush,4457,19,2,0.9,,,
124,Male,Welterweight,BRA,Demian Maia,,1800,15,6,0.71,,,
125,Male,Welterweight,BRA,Thiago Alves,Pitbull,992,13,7,0.65,,,
126,Male,Welterweight,USA,Matt Brown,The Immortal,960,13,7,0.65,,,
127,Male,Welterweight,USA,Nate Diaz,,1326,12,8,0.6,,,
128,Male,Welterweight,USA,Benson Henderson,Smooth,1274,15,4,0.79,,,
129,Male,Welterweight,USA,Robbie Lawler,Ruthless,1713,12,6,0.67,,,X
130,Male,Welterweight,CAN,Patrick Cote,The Predator,696,9,9,0.5,,,
131,Male,Welterweight,USA,Johny Hendricks,Bigg Rigg,1172,14,3,0.82,,,
132,Male,Welterweight,Other,Martin Kampmann,Hitman,932,11,6,0.65,,,
133,Male,Welterweight,USA,Rick Story,The Horror,644,11,6,0.65,,,
134,Male,Welterweight,USA,Carlos Condit,The Natural Born Killer,1098,12,4,0.75,,,
135,Male,Welterweight,KOR,Dong Hyun Kim,Stun Gun,1133,11,3,0.79,,1,
136,Male,Welterweight,USA,Jake Ellenberger,The Juggernaut,1062,9,6,0.6,,,
137,Male,Welterweight,USA,Mike Pyle,Quicksand,783,9,6,0.6,,,
138,Male,Welterweight,USA,Mike Pierce,,365,10,4,0.71,,,
139,Male,Welterweight,USA,John Howard,Doomsday,289,7,6,0.54,,,
140,Male,Welterweight,USA,Josh Burkman,The People's Warrior,341,5,7,0.42,,1,
141,Male,Welterweight,CAN,Rory MacDonald,Red King,885,9,3,0.75,,,
142,Male,Welterweight,USA,Neil Magny,,396,9,3,0.75,,,
143,Male,Welterweight,USA,Lorenz Larkin,The Monsoon,373,7,4,0.64,,1,
144,Male,Welterweight,USA,Jorge Masvidal,Gamebred,680,8,3,0.73,,,
145,Male,Welterweight,BRA,Erick Silva,Índio,574,6,5,0.55,,,
146,Male,Welterweight,USA,Ben Saunders,Killa B,241,7,3,0.7,,,
147,Male,Welterweight,USA,Tyron Woodley,The Chosen One,774,7,3,0.7,,,
148,Male,Welterweight,GBR,Dan Hardy,The Outlaw,365,6,4,0.6,,,
149,Male,Welterweight,USA,Tim Means,The Dirty Bird,257.6,6,4,0.6,,,
150,Male,Welterweight,GBR,John Hathaway,The Hitman,190,7,2,0.78,,,
151,Male,Welterweight,USA,K.J. Noons,King,317,3,5,0.38,,1,
152,Male,Welterweight,USA,Court McGee,The Crusher,236,5,3,0.63,,,
153,Male,Welterweight,AUS,Kyle Noke,KO,185,5,3,0.63,,,
154,Male,Welterweight,USA,Kenny Robertson,,235,4,4,0.5,,,
155,Male,Welterweight,USA,Kelvin Gastelum,,254,6,1,0.86,,,
156,Male,Welterweight,USA,Stephen Thompson,Wonderboy,332,6,1,0.86,,,
157,Male,Welterweight,BRA,Cezar Ferreira,Mutante,221,4,3,0.57,,,
158,Male,Welterweight,Other,Gunnar Nelson,Gunni,264,5,1,0.83,,,
159,Male,Welterweight,Other,Tarec Saffiedine,Sponge,107.5,5,1,0.83,,,
160,Male,Welterweight,CAN,Sean Pierson,The Punisher,92,4,2,0.67,,,
161,Male,Welterweight,Other,Hector Lombard,Showeather,1606,3,2,0.6,,1,
162,Male,Welterweight,USA,Sean Spencer,,92,3,3,0.5,,,
163,Male,Welterweight,JPN,Yoshihiro Akiyama,Sexyama,565,2,4,0.33,,,
164,Male,Welterweight,USA,Ryan LaFlare,,86,4,1,0.8,,,
165,Male,Welterweight,IRE,Cathal Pendred,The Punisher,172,4,1,0.8,,,
166,Male,Welterweight,RUS,Albert Tumenov,Einstein,162.5,4,1,0.8,,,
167,Male,Welterweight,USA,Alan Jouban,Brahma,198,3,2,0.6,,,
168,Male,Welterweight,KOR,Hyun Gyu Lim,The Ace,186,3,2,0.6,,,
169,Male,Welterweight,SWE,Nico Musoke,Nico,123,3,2,0.6,,,
170,Male,Welterweight,BRA,Leandro Silva,Buscapé,128,2,2,0.5,,1,
171,Male,Welterweight,Other,Peter Sobotta,,51,2,3,0.4,,,
172,Male,Welterweight,RUS,Omari Akhmedov,Lakec,116,3,1,0.75,,,
173,Male,Welterweight,USA,Zak Cummings,,114.5,3,1,0.75,,,
174,Male,Welterweight,Other,Alex Garcia,The Dominican Nightmare,76.5,3,1,0.75,,,
175,Male,Welterweight,JPN,Kiichi Kunimoto,Strasser,124,3,1,0.75,,,
176,Male,Welterweight,BRA,Sergio Moraes,The Panther,118,3,1,0.75,,,
177,Male,Welterweight,CAN,Claude Patrick,The Prince,42,3,1,0.75,,,
178,Male,Welterweight,USA,Sean Strickland,Tarzan,89.5,3,1,0.75,,,
179,Male,Welterweight,USA,George Sullivan,The Silencer,83.5,3,1,0.75,,,
180,Male,Welterweight,Other,Nordine Taleb,,76.5,3,1,0.75,,,
181,Male,Welterweight,USA,Lance Benoist,,99,2,2,0.5,,,
182,Male,Welterweight,Other,Pascal Krauss,Panzer,177,2,2,0.5,,,
183,Male,Welterweight,CHN,Li Jingliang,The Leech,46,2,2,0.5,,,
184,Male,Welterweight,Other,Santiago Ponzinibbio,Gente Boa,100,2,2,0.5,,,
185,Male,Welterweight,USA,Brandon Thatch,Rukus,174.5,2,2,0.5,,,
186,Male,Welterweight,JPN,Keita Nakamura,K-Taro,85.5,1,3,0.25,,,
187,Male,Welterweight,BRA,Warlley Alves,,78.5,3,0,1,,,
188,Male,Welterweight,USA,Colby Covington,Chaos,60,3,0,1,,,
189,Male,Welterweight,GBR,Leon Edwards,Rocky,100.5,2,1,0.67,,,
190,Male,Welterweight,Other,Siyar Bahadurzada,The Great,96,1,2,0.33,,,
191,Male,Welterweight,CAN,Matt Dwyer,,136.5,1,2,0.33,,,
192,Male,Welterweight,USA,James Moontasri,Moonwalker,36.5,1,2,0.33,,,
193,Male,Welterweight,RUS,Gasan Umalatov,Cobra,34,1,2,0.33,,,
194,Male,Welterweight,AUS,Richard Walsh,Filthy Rich,32,1,2,0.33,,,
195,Male,Welterweight,MEX,Edgar Garcia,,10,0,3,0,,,
196,Male,Welterweight,BRA,Claudio Silva,Hannibal,36,2,0,1,,,
197,Male,Welterweight,BRA,Viscardi Andrade,,20,1,1,0.5,,,
198,Male,Welterweight,JPN,Shinsho Anzai,Animal,30.5,1,1,0.5,,,
199,Male,Welterweight,MEX,Augusto Montano,Dodger,28,1,1,0.5,,,
200,Male,Welterweight,BRA,Antonio Braga Neto,,20,1,1,0.5,,,
201,Male,Welterweight,AUS,Brendan O Reilly,Badger,16,1,1,0.5,,,
202,Male,Welterweight,BRA,Marcio Alexandre,Lyoto,16,0,2,0,,,
203,Male,Welterweight,CAN,Sheldon Westcott,,16,0,2,0,,,
204,Male,Welterweight,GBR,Tom Breese,The Octopus,20,1,0,1,,,
205,Male,Welterweight,Other,Nicolas Dalby,Sharpshooter,20,1,0,1,,,
206,Male,Welterweight,POL,Bartosz Fabinski,The Butcher,16,1,0,1,,,
207,Male,Welterweight,USA,Lyman Good,Cyborg,22.5,1,0,1,,,
208,Male,Welterweight,USA,Michael Graves,,22.5,1,0,1,,,
209,Male,Welterweight,BRA,Alberto Mina,Soldier of God,76,1,0,1,,,
210,Male,Welterweight,GBR,Darren Till,,20,1,0,1,,,
211,Male,Welterweight,MEX,Hector Urbina,El Toro,16,1,0,1,,,
212,Male,Welterweight,Other,Kamaru Usman,Nigerian Nightmare,72.5,1,0,1,,,
213,Male,Welterweight,RUS,Sultan Aliev,,8,0,1,0,,,
214,Male,Welterweight,USA,Hayder Hassan,Hulk,12.5,0,1,0,,,
215,Male,Welterweight,GBR,Steve Kennedy,The Steamrolla,10,0,1,0,,,
216,Male,Welterweight,BRA,Vicente Luque,The Silent Assassin,12.5,0,1,0,,,
217,Male,Welterweight,USA,Steve Montgomery,The Creepy Weasel,10,0,1,0,,,
218,Male,Welterweight,SWE,Andreas Stahl,Real Steel,8,0,1,0,,,
219,Male,Welterweight,USA,Dominique Steele,Nonstop Action-Packed,14.5,0,1,0,,,
220,Male,Welterweight,USA,Dominic Waters,Shonuff,12.5,0,1,0,,,
221,Male,Welterweight,USA,Jonavin Webb,Spyder,8,0,1,0,,,
222,Male,Welterweight,BRA,Elizeu Zaleski dos Santos,Capoeira,10,0,1,0,,,
223,Male,Welterweight,RUS,Adam Khaliev,,0,0,0,0,,,
224,Male,Welterweight,GBR,Danny Roberts,Hot Chocolate,0,0,0,0,,,
225,Male,Lightweight,USA,Donald Cerrone,Cowboy,2115.2,21,6,0.78,,1,
226,Male,Lightweight,BRA,Gleison Tibau,Tibau,1085,16,9,0.64,,,
227,Male,Lightweight,USA,Danny Castillo,Last Call,589,12,9,0.57,,,
228,Male,Lightweight,USA,Jim Miller,,1307,14,5,0.74,,1,
229,Male,Lightweight,USA,Joe Lauzon,J-Lau,1165,12,7,0.63,,,
230,Male,Lightweight,BRA,Rafael dos Anjos,,848,13,5,0.72,,,X
231,Male,Lightweight,GBR,Ross Pearson,The Real Deal,942,10,6,0.63,,1,
232,Male,Lightweight,USA,Spencer Fisher,The King,511,9,8,0.53,,,
233,Male,Lightweight,USA,Gray Maynard,The Bully,615,9,5,0.64,1,1,
234,Male,Lightweight,USA,Dustin Poirier,The Diamond,704.1,11,4,0.73,,,
235,Male,Lightweight,USA,Matt Wiman,,582,10,5,0.67,,,
236,Male,Lightweight,USA,Nik Lentz,The Carny,652.2,9,4,0.69,1,1,
237,Male,Lightweight,USA,Evan Dunham,,634,9,6,0.6,,,
238,Male,Lightweight,BRA,Edson Barboza,Junior,900,10,3,0.77,,,
239,Male,Lightweight,USA,Anthony Pettis,Showtime,677,10,3,0.77,,,
240,Male,Lightweight,USA,Michael Johnson,The Menace,364,8,5,0.62,,,
241,Male,Lightweight,USA,Daron Cruickshank,The Detroit Superstar,188.2,6,5,0.55,,1,
242,Male,Lightweight,CAN,TJ Grant,,395,8,3,0.73,,,
243,Male,Lightweight,BRA,Francisco Trinaldo,Massaranduba,228,8,3,0.73,,,
244,Male,Lightweight,USA,Tony Ferguson,El Cucuy,572,9,1,0.9,,,
245,Male,Lightweight,USA,Bobby Green,King,200,8,2,0.8,,,
246,Male,Lightweight,USA,Erik Koch,New Breed,172,6,4,0.6,,,
247,Male,Lightweight,CAN,John Makdessi,The Bull,287.6,6,4,0.6,,,
248,Male,Lightweight,MEX,Efrain Escudero,Hecho en México,179,5,5,0.5,,,
249,Male,Lightweight,JPN,Takanori Gomi,The Fireball Kid,969,4,6,0.4,,,
250,Male,Lightweight,USA,Al Iaquinta,Raging,228,7,2,0.78,,,
251,Male,Lightweight,USA,James Krause,The James Krause,207,3,5,0.38,,,
252,Male,Lightweight,Other,Beneil Dariush,Benny,224.4,6,1,0.86,,,
253,Male,Lightweight,USA,Michael Chiesa,Maverick,339,5,2,0.71,,,
254,Male,Lightweight,GBR,Norman Parke,Stormin,161,4,2,0.67,1,,
255,Male,Lightweight,USA,Gilbert Melendez,El Niño,810,4,3,0.57,,,
256,Male,Lightweight,RUS,Khabib Nurmagomedov,The Eagle,185.2,6,0,1,,,
257,Male,Lightweight,BRA,Adriano Martins,,284,5,1,0.83,,,
258,Male,Lightweight,USA,Joe Proctor,,90,4,2,0.67,,,
259,Male,Lightweight,USA,Abel Trujillo,Killa,212.4,3,2,0.6,,1,
260,Male,Lightweight,USA,Justin Salas,J-Bomb,84,3,3,0.5,,,
261,Male,Lightweight,USA,Yancy Medeiros,Frisson,198.4,2,3,0.4,,1,
262,Male,Lightweight,CHN,Zhang Tiequan,The Wolf,24,2,4,0.33,,,
263,Male,Lightweight,USA,Kevin Lee,The Motown Phenom,96.5,4,1,0.8,,,
264,Male,Lightweight,Other,Mairbek Taisumov,Beckan,148,4,1,0.8,,,
265,Male,Lightweight,RUS,Rustam Khabilov,Tiger,144,3,2,0.6,,,
266,Male,Lightweight,Other,Jon Tuck,Super Saiyan,116,3,2,0.6,,,
267,Male,Lightweight,CAN,Mitch Clarke,Danger Zone,104,2,3,0.4,,,
268,Male,Lightweight,POL,Piotr Hallmann,Pletwal,212,2,3,0.4,,,
269,Male,Lightweight,USA,Drew Dober,,64,1,3,0.25,,1,
270,Male,Lightweight,USA,James Vick,The Texecutioner,122,4,0,1,,,
271,Male,Lightweight,BRA,Leonardo Santos,,91,3,0,1,1,,
272,Male,Lightweight,CAN,Olivier Aubin-Mercier,,120.5,3,1,0.75,,,
273,Male,Lightweight,Other,Nick Hein,Sergeant,80.5,3,1,0.75,,,
274,Male,Lightweight,CAN,Chad Laprise,Disciple,133.5,3,1,0.75,,,
275,Male,Lightweight,BRA,Carlos Diego Ferreira,,166,2,2,0.5,,,
276,Male,Lightweight,USA,Paul Felder,The Irish Dragon,177,2,2,0.5,,,
277,Male,Lightweight,BRA,Michel Prazares,Trator,44,2,2,0.5,,,
278,Male,Lightweight,USA,Tony Martin,,42,1,3,0.25,,,
279,Male,Lightweight,BRA,Gilbert Burns,Durinho,90,3,0,1,,,
280,Male,Lightweight,USA,Johnny Case,Hollywood,110,3,0,1,,,
281,Male,Lightweight,RUS,Rashid Magomedov,Highlander,60,3,0,1,,,
282,Male,Lightweight,USA,Chris Wade,,60,3,0,1,,,
283,Male,Lightweight,BRA,Yan Cabral,,46,2,1,0.67,,,
284,Male,Lightweight,CAN,Kajan Johnson,Ragin,100.5,2,1,0.67,,,
285,Male,Lightweight,Other,Reza Madadi,Mad Dog,92,2,1,0.67,,,
286,Male,Lightweight,AUS,Jake Matthews,The Celtic Kid,48,2,1,0.67,,,
287,Male,Lightweight,BRA,Alex Oliveira,Cowboy,52,2,1,0.67,,,
288,Male,Lightweight,BRA,Alan Patrick,Nuguette,40,2,1,0.67,,,
289,Male,Lightweight,USA,Vinc Pichel,From Hell,40,2,1,0.67,,,
290,Male,Lightweight,MEX,Akbarh Arreola,El Caballero,34,1,2,0.33,,,
291,Male,Lightweight,KOR,Tae Hyun Bang,Supernatural,134,1,2,0.33,,,
292,Male,Lightweight,RUS,Alexander Yakovlev,Thunder Of The North,32,1,2,0.33,,,
293,Male,Lightweight,IRE,Joseph Duffy,Irish Joe,92.5,2,0,1,,,
294,Male,Lightweight,GBR,Stevie Ray,Braveheart,92.5,2,0,1,,,
295,Male,Lightweight,USA,Eddie Alvarez,The Silent Assassin,200,1,1,0.5,,,
296,Male,Lightweight,USA,Bryan Barberena,Bam Bam,76,1,1,0.5,,,
297,Male,Lightweight,CAN,Shane Campbell,Shaolin,30.5,1,1,0.5,,,
298,Male,Lightweight,USA,Joe Ellenberger,Excalibur,26,1,1,0.5,,,
299,Male,Lightweight,BRA,Valmir Lazaro,Bidu,24,1,1,0.5,,,
300,Male,Lightweight,Other,Mickael Lebout,Ragnar,34.5,1,1,0.5,,,
301,Male,Lightweight,RUS,Islam Makhachev,,34.5,1,1,0.5,,,
302,Male,Lightweight,USA,Cody Pfister,The Fist,30.5,1,1,0.5,,,
303,Male,Lightweight,CAN,Jason Saggo,,26,1,1,0.5,,,
304,Male,Lightweight,USA,Tony Sims,,34.5,1,1,0.5,,,
305,Male,Lightweight,BRA,Glaico Franca,Nego,22.5,1,0,1,,,
306,Male,Lightweight,USA,Andrew Holbrook,,22.5,1,0,1,,,
307,Male,Lightweight,USA,Scott Holtzman,Hot Sauce,22.5,1,0,1,,,
308,Male,Lightweight,RUS,Magomed Mustafaev,,20,1,0,1,,,
309,Male,Lightweight,USA,Sage Northcutt,Super,24.9,1,0,1,,,
310,Male,Lightweight,BRA,Joaquim Silva,Netto BJJ,22.5,1,0,1,,,
311,Male,Lightweight,BRA,Fernando Bruno,Açougueiro,12.5,0,1,0,,,
312,Male,Lightweight,JPN,Yusuke Kasuya,,12.5,0,1,0,,,
313,Male,Lightweight,USA,Leo Kuntz,The Lion,10,0,1,0,,,
314,Male,Lightweight,Other,Teemu Packalen,Pacu,12.5,0,1,0,,,
315,Male,Lightweight,POL,Lukasz Sajewski,Wookie,10,0,1,0,,,
316,Male,Lightweight,BRA,Felipe Olivieri,,0,0,0,0,,,
317,Male,Featherweight,USA,Diego Sanchez,The Dream,1617,14,7,0.67,,,
318,Male,Featherweight,USA,Clay Guida,The Carpenter,1216,12,9,0.57,,,
319,Male,Featherweight,USA,Jeremy Stephens,Lil' Heathen,888,11,10,0.52,,,
320,Male,Featherweight,Other,Dennis Siver,The Menace,918.2,11,8,0.58,,1,
321,Male,Featherweight,USA,Frankie Edgar,The Answer,2351,13,4,0.76,1,,
322,Male,Featherweight,USA,Cub Swanson,Cub,584,11,6,0.65,,,
323,Male,Featherweight,USA,Cole Miller,Magrinho,617,10,7,0.59,,,
324,Male,Featherweight,BRA,Thiago Tavares,,613,9,6,0.6,1,,
325,Male,Featherweight,BRA,Jose Aldo,Junior,1345,15,0,1,,,X
326,Male,Featherweight,USA,Chad Mendes,Money,1177,12,3,0.8,,,
327,Male,Featherweight,USA,Ricardo Lamas,The Bully,335,10,4,0.71,,,
328,Male,Featherweight,BRA,Charles Oliveira,Do Bronx,857.3,8,5,0.62,,1,
329,Male,Featherweight,USA,Max Holloway,Blessed,572,10,3,0.77,,,
330,Male,Featherweight,BRA,Renan Barao,The Baron,1096,10,2,0.83,,,
331,Male,Featherweight,USA,Darren Elkins,The Damage,341,8,4,0.67,,,
332,Male,Featherweight,USA,Alex Caceres,Bruce Leroy,377,5,6,0.45,,1,
333,Male,Featherweight,USA,Dennis Bermudez,The Menace,531,7,3,0.7,,,
334,Male,Featherweight,BRA,Diego Brandao,DB,465,6,3,0.67,,,
335,Male,Featherweight,USA,Sam Sicilia,,155,5,4,0.56,,,
336,Male,Featherweight,Other,Maximo Blanco,Maxi,193.4,4,4,0.5,,,
337,Male,Featherweight,USA,Myles Jury,The Fury,136,6,1,0.86,,,
338,Male,Featherweight,BRA,Rony Jason,Jason,311,4,2,0.67,,1,
339,Male,Featherweight,BRA,Godofredo Castro,Pepey,266,4,3,0.57,,,
340,Male,Featherweight,USA,Matt Grice,The Real One,140,2,5,0.29,,,
341,Male,Featherweight,IRE,Conor McGregor,The Notorious,1182,6,0,1,,,
342,Male,Featherweight,USA,Jimy Hettes,The Kid,106,3,3,0.5,,,
343,Male,Featherweight,KOR,Chan-Sung Jung,The Korean Zombie,284,3,3,0.5,,,
344,Male,Featherweight,BRA,Lucas Martins,Mineiro,174,3,3,0.5,,,
345,Male,Featherweight,USA,Yaotzin Meza,,109,2,3,0.4,,1,
346,Male,Featherweight,BRA,Hacran Dias,Barnabe,70,3,2,0.6,,,
347,Male,Featherweight,JPN,Katsunori Kikuno,,72.5,2,3,0.4,,,
348,Male,Featherweight,USA,Chas Skelly,The Scrapper,68,3,1,0.75,,,
349,Male,Featherweight,USA,Andre Fili,Touchy,44.8,2,2,0.5,,,
350,Male,Featherweight,Other,Dan Hooker,The Hangman,110.5,2,2,0.5,,,
351,Male,Featherweight,JPN,Tatsuya Kawajiri,The Crusher,98,2,2,0.5,,,
352,Male,Featherweight,USA,Mike De La Torre,El Cucuy,56.1,1,2,0.33,,1,
353,Male,Featherweight,USA,Clay Collard,Cassius,46.5,1,3,0.25,,,
354,Male,Featherweight,USA,Phillipe Nover,Super,64,1,3,0.25,,,
355,Male,Featherweight,JPN,Mizuto Hirota,Pugnus,24.5,0,3,0,1,,
356,Male,Featherweight,Other,Mirsad Bektic,,61.6,3,0,1,,,
357,Male,Featherweight,MEX,Yair Rodriguez,Pantera,128.5,3,0,1,,,
358,Male,Featherweight,BRA,Edimilson Souza,Kevin,148,3,0,1,,,
359,Male,Featherweight,Other,Noad Lahat,Neo,40,2,1,0.67,,,
360,Male,Featherweight,BRA,Tiago Trator,Trator,48.5,2,1,0.67,,,
361,Male,Featherweight,GBR,Rob Whiteford,The Hammer,26.5,2,1,0.67,,,
362,Male,Featherweight,GBR,Mike Wilkinson,The Warrior,90,2,1,0.67,,,
363,Male,Featherweight,Other,Mark Eddiva,,86,1,2,0.33,,,
364,Male,Featherweight,USA,Charles Rosa,Boston Strong,140,1,2,0.33,,,
365,Male,Featherweight,USA,Alex White,The Spartan,86,1,2,0.33,,,
366,Male,Featherweight,Other,Makwan Amirkhani,Mr. Finland,90,2,0,1,,,
367,Male,Featherweight,MEX,Gabriel Benitez,Moggly,40,2,0,1,,,
368,Male,Featherweight,RUS,Zubaira Tukhugov,Warrior,32,2,0,1,,,
369,Male,Featherweight,USA,Brian Ortega,T-City,90,1,0,1,,1,
370,Male,Featherweight,USA,Jim Alers,The Beast,26,1,1,0.5,,,
371,Male,Featherweight,MEX,Masio Fullen,El Lobo,28,1,1,0.5,,,
372,Male,Featherweight,Other,Levan Makashvili,The Hornet,36,1,1,0.5,,,
373,Male,Featherweight,KOR,Yui Chul Nam,The Korean Bulldozer,76,1,1,0.5,,,
374,Male,Featherweight,USA,Damon Jackson,The Leech,18,0,1,0,,1,
375,Male,Featherweight,Other,Alan Omer,,18,0,2,0,,,
376,Male,Featherweight,IRE,Paul Redmond,Redser,18.9,0,2,0,,,
377,Male,Featherweight,GBR,Arnold Allen,Almighty,70,1,0,1,,,
378,Male,Featherweight,KOR,Doo Ho Choi,The Korean Superboy,16,1,0,1,,,
379,Male,Featherweight,BRA,Renato Carneiro,Moicano,16,1,0,1,,,
380,Male,Featherweight,Other,Diego Rivas,Pitbull,16,1,0,1,,,
381,Male,Featherweight,JPN,Teruto Ishihara,Yashabo,12.5,0,0,0,1,,
382,Male,Featherweight,BRA,Alexandre Capitao,Capitão,0,0,0,0,,,
383,Male,Featherweight,Other,Carlos Galindo,Tailandes,0,0,0,0,,,
384,Male,Featherweight,RUS,Bekbulat Magomedov,,0,0,0,0,,,
385,Male,Bantamweight,USA,Urijah Faber,The California Kid,1371,16,7,0.7,,,
386,Male,Bantamweight,USA,Scott Jorgensen,Young Guns,636.9,11,10,0.52,,,
387,Male,Bantamweight,JPN,Takeya Mizugaki,,463,10,7,0.59,,,
388,Male,Bantamweight,Other,Manny Gamburyan,The Anvil,369,9,7,0.56,,1,
389,Male,Bantamweight,BRA,Rani Yahya,,263,10,5,0.67,,1,
390,Male,Bantamweight,USA,George Roop,,217,6,9,0.4,1,,
391,Male,Bantamweight,GBR,Brad Pickett,One-Punch,534,7,7,0.5,,,
392,Male,Bantamweight,USA,Eddie Wineland,,219,7,7,0.5,,,
393,Male,Bantamweight,BRA,Raphael Assuncao,,388,10,3,0.77,,,
394,Male,Bantamweight,Other,Yves Jabouin,Tiger,172,6,7,0.46,,,
395,Male,Bantamweight,BRA,Iuri Alcantara,Marajó,268,8,3,0.73,,1,
396,Male,Bantamweight,USA,Dominick Cruz,Dominator,305,10,1,0.91,,,
397,Male,Bantamweight,USA,T.J. Dillashaw,The Viper,668,8,2,0.8,,,X
398,Male,Bantamweight,USA,Francisco Rivera,Cisco,226,4,5,0.44,,1,
399,Male,Bantamweight,BRA,John Lineker,Hands of Stone,369.5,7,2,0.78,,,
400,Male,Bantamweight,USA,Bryan Caraway,Kid Lightning,253,5,4,0.56,,,
401,Male,Bantamweight,USA,John Dodson,The Magician,451,6,2,0.75,,,
402,Male,Bantamweight,USA,Michael McDonald,Mayday,339,6,2,0.75,,,
403,Male,Bantamweight,BRA,Felipe Arantes,Sertanejo,160.5,4,3,0.57,1,,
404,Male,Bantamweight,CAN,Mitch Gagnon,,207,4,2,0.67,,,
405,Male,Bantamweight,MEX,Erik Perez,Goyito,119,4,2,0.67,,,
406,Male,Bantamweight,BRA,Hugo Viana,Wolverine,82.6,3,3,0.5,,,
407,Male,Bantamweight,KOR,Kyung Ho Kang,Mr. Perfect,102,2,1,0.67,,1,
408,Male,Bantamweight,USA,Russell Doane,,108.5,2,2,0.5,,,
409,Male,Bantamweight,BRA,Leandro Issa,Brodinho,157,2,2,0.5,,,
410,Male,Bantamweight,JPN,Norifumi Yamamoto,Kid,60,0,3,0,,1,
411,Male,Bantamweight,BRA,Thomas Almeida,Thominhas,162.5,3,0,1,,,
412,Male,Bantamweight,USA,Frankie Saenz,,62.5,3,0,1,,,
413,Male,Bantamweight,USA,Aljamain Sterling,Funk Master,60,3,0,1,,,
414,Male,Bantamweight,BRA,Johnny Eduardo,,84,2,1,0.67,,,
415,Male,Bantamweight,BRA,Pedro Munhoz,The Young Punisher,44,2,1,0.67,,,
416,Male,Bantamweight,USA,Matt Hobar,The Crowbar,76,1,2,0.33,,,
417,Male,Bantamweight,USA,Jerrod Sanders,J-Reazie,38.5,1,2,0.33,,,
418,Male,Bantamweight,JPN,Ulka Sasaki,Ulka,88,1,2,0.33,,,
419,Male,Bantamweight,USA,Roman Salazar,El Gallito,28.5,0,2,0,,1,
420,Male,Bantamweight,CHN,Jumabieke Tuerxon,Leopard,74,0,3,0,,,
421,Male,Bantamweight,USA,Cody Garbrandt,No Love,38.5,2,0,1,,,
422,Male,Bantamweight,CHN,Ning Guangyou,Smasher,38.4,2,0,1,,,
423,Male,Bantamweight,USA,Chris Holdsworth,Holds It Down,96,2,0,1,,,
424,Male,Bantamweight,Other,Taylor Lapilus,Double Impact,40,2,0,1,,,
425,Male,Bantamweight,USA,Anthony Birchak,El Toro,44,1,1,0.5,,,
426,Male,Bantamweight,MEX,Henry Briones,Bure,78.5,1,1,0.5,,,
427,Male,Bantamweight,Other,Guido Canetti,Ninja,80.5,1,1,0.5,,,
428,Male,Bantamweight,GBR,Ian Entwistle,Enty,74,1,1,0.5,,,
429,Male,Bantamweight,SWE,Sirwan Kakai,Zohan,34.5,1,1,0.5,,,
430,Male,Bantamweight,JPN,Masanori Kanehara,,40.5,1,1,0.5,,,
431,Male,Bantamweight,MEX,Alejandro Perez,Diablito,28,1,1,0.5,,,
432,Male,Bantamweight,MEX,Jose Quinonez,Teco,30,1,1,0.5,,,
433,Male,Bantamweight,BRA,Douglas Silva de Andrade,D Silva,24,1,1,0.5,,,
434,Male,Bantamweight,JPN,Michinori Tanaka,,76,1,1,0.5,,,
435,Male,Bantamweight,Other,Marlon Vera,Chito,80.5,1,1,0.5,,,
436,Male,Bantamweight,USA,Patrick Williams,The Animal,78,1,1,0.5,,,
437,Male,Bantamweight,Other,Leonardo Morales,Chimmy,16,0,2,0,,,
438,Male,Bantamweight,USA,Joe Soto,One Bad Mofo,40,0,2,0,,,
439,Male,Bantamweight,MEX,Marco Beltran,Psycho,16,1,0,1,,,
440,Male,Bantamweight,USA,Rob Font,,66,1,0,1,,,
441,Male,Bantamweight,USA,Jimmie Rivera,El Terror,22.5,1,0,1,,,
442,Male,Bantamweight,BRA,Reginaldo Vieira,,22.5,1,0,1,,,
443,Male,Bantamweight,GBR,Davey Grant,Dangerous,8,0,1,0,,,
444,Male,Bantamweight,BRA,Dileno Lopes,,12.5,0,1,0,,,
445,Male,Bantamweight,POL,Damian Stasiak,Webster,8,0,1,0,,,
446,Female,Bantamweight,USA,Ronda Rousey,Rowdy,1080,10,0,1,,,X
447,Female,Bantamweight,USA,Miesha Tate,Cupcake,464,6,3,0.67,,,
448,Female,Bantamweight,CAN,Alexis Davis,Ally-Gator,130,6,2,0.75,,,
449,Female,Bantamweight,BRA,Amanda Nunes,The Lioness,162,4,2,0.67,,,
450,Female,Bantamweight,CAN,Sarah Kaufman,,32,3,2,0.6,,1,
451,Female,Bantamweight,USA,Liz Carmouche,Girlrilla,104,2,4,0.33,,,
452,Female,Bantamweight,Other,Germaine de Randamie,The Iron Lady,45,3,2,0.6,,,
453,Female,Bantamweight,USA,Raquel Pennington,Rocky,128.5,3,2,0.6,,,
454,Female,Bantamweight,USA,Sara McMann,,112.5,2,3,0.4,,,
455,Female,Bantamweight,USA,Jessica Eye,Evil,65,1,3,0.25,,1,
456,Female,Bantamweight,BRA,Bethe Correia,Pitbull,100,3,1,0.75,,,
457,Female,Bantamweight,USA,Jessamyn Duke,The Gun,46.5,1,3,0.25,,,
458,Female,Bantamweight,USA,Julianna Pena,The Venezuelan Vixen,128.5,3,0,1,,,
459,Female,Bantamweight,USA,Marion Reneau,Belizean Bruiser,102.1,2,1,0.67,,,
460,Female,Bantamweight,USA,Cat Zingano,Alpha,182,2,1,0.67,,,
461,Female,Bantamweight,USA,Elizabeth Phillips,,38.5,1,2,0.33,,,
462,Female,Bantamweight,USA,Leslie Smith,The Peacemaker,34,1,2,0.33,,,
463,Female,Bantamweight,USA,Holly Holm,The Preacher's Daughter,102.5,2,0,1,,,
464,Female,Bantamweight,RUS,Milana Dudieva,,26,1,1,0.5,,,
465,Female,Bantamweight,CAN,Sarah Moras,Cheesecake,30.5,1,1,0.5,,,
466,Female,Bantamweight,USA,Lauren Murphy,,16,0,2,0,,,
467,Female,Bantamweight,BRA,Larissa Pacheco,,8,0,2,0,,,
468,Female,Bantamweight,BRA,Cristiane Justino,Cyborg,388,0,0,0,,1,
469,Female,Bantamweight,USA,Ashlee Evans-Smith,,8,0,1,0,,,
470,Female,Bantamweight,JPN,Rin Nakai,,8,0,1,0,,,
471,Male,Flyweight,USA,Joseph Benavidez,The Beefcake,919.5,15,4,0.79,,,
472,Male,Flyweight,USA,Demetrious Johnson,Mighty Mouse,1483,13,2,0.87,1,,X
473,Male,Flyweight,USA,Chris Cariaso,Kamikaze,236,8,7,0.53,,,
474,Male,Flyweight,USA,Ian McCall,Uncle Creepy,216.3,3,5,0.38,1,,
475,Male,Flyweight,USA,John Moraga,,291,5,3,0.63,,,
476,Male,Flyweight,USA,Chico Camus,King,125.8,3,4,0.43,,1,
477,Male,Flyweight,GBR,Vaughan Lee,Love,143.5,3,5,0.38,,,
478,Male,Flyweight,JPN,Kyoji Horiguchi,,167,5,1,0.83,,,
479,Male,Flyweight,BRA,Jussier Formiga,Formiga,116,4,2,0.67,,,
480,Male,Flyweight,USA,Dustin Ortiz,,129,4,2,0.67,,,
481,Male,Flyweight,USA,Sergio Pettis,The Phenom,241,4,2,0.67,,,
482,Male,Flyweight,RUS,Ali Bagautinov,Puncher,90.5,3,2,0.6,,,
483,Male,Flyweight,USA,Zach Makovsky,Fun Size,105,3,2,0.6,,,
484,Male,Flyweight,BRA,Wilson Reis,,86.6,3,2,0.6,,,
485,Male,Flyweight,USA,Justin Scoggins,Tank,86,3,2,0.6,,,
486,Male,Flyweight,USA,Ray Borg,The Tazmexican Devil,168.1,3,1,0.75,,,
487,Male,Flyweight,IRE,Patrick Holohan,The Hooligan,122.5,3,1,0.75,,,
488,Male,Flyweight,USA,Louis Smolka,Da Last Samurai,142.5,3,1,0.75,,,
489,Male,Flyweight,USA,Chris Beal,The Real Deal,112.5,2,2,0.5,,,
490,Male,Flyweight,IRE,Neil Seery,2Tap,61.5,2,2,0.5,,,
491,Male,Flyweight,USA,Danny Martinez,The Gremlin,76,0,4,0,,,
492,Male,Flyweight,USA,Henry Cejudo,The Messenger,102,3,0,1,,,
493,Male,Flyweight,CAN,Chris Kelades,,102.5,2,1,0.67,,,
494,Male,Flyweight,USA,Willie Gates,Whoop Ass,45,1,2,0.33,,,
495,Male,Flyweight,Other,Jon Delos Reyes,The Heat,82,1,2,0.33,,,
496,Male,Flyweight,AUS,Richie Vaculik,Vas,24,1,2,0.33,,,
497,Male,Flyweight,USA,Ryan Benoit,Baby Face,124.8,1,1,0.5,,,
498,Male,Flyweight,USA,Joby Sanchez,,24,1,1,0.5,,,
499,Male,Flyweight,CHN,Yao Zhikui,The Conqueror,24,1,1,0.5,,,
500,Male,Flyweight,Other,Roldan Sangcha-an,The Executioner,66,0,2,0,,,
501,Male,Flyweight,USA,Ben Nguyen,,16,1,0,1,,,
502,Male,Flyweight,Other,Fredy Serrano,El Profe,66,1,0,1,,,
503,Male,Flyweight,USA,Geane Herrera,La Pulga,14.9,0,1,0,,,
504,Male,Flyweight,BRA,Bruno Korea,Korea,0,0,0,0,,,
505,Male,Flyweight,BRA,Matheus Nicolau,,0,0,0,0,,,
506,Female,Strawweight,BRA,Jessica Andrade,Bate Estaca,146,4,3,0.57,,,
507,Female,Strawweight,POL,Joanna Jedrzejczyk,,136,4,0,1,,,X
508,Female,Strawweight,CAN,Valerie Letourneau,Trouble,62.5,3,0,1,,,
509,Female,Strawweight,USA,Paige VanZant,12 Gauge,112.5,3,0,1,,,
510,Female,Strawweight,GBR,Joanne Calderwood,Badmofo JoJo,102.5,2,1,0.67,,,
511,Female,Strawweight,BRA,Claudia Gadelha,Claudinha,52.5,2,1,0.67,,,
512,Female,Strawweight,BRA,Juliana Lima,Ju Thai,48,2,1,0.67,,,
513,Female,Strawweight,AUS,Alex Chambers,Astro Girl,91.7,1,2,0.33,,,
514,Female,Strawweight,USA,Angela Hill,Overkill,42.5,1,2,0.33,,,
515,Female,Strawweight,USA,Tecia Torres,The Tiny Tornado,40,2,0,1,,,
516,Female,Strawweight,IRE,Aisling Daly,Ais the Bash,22.8,1,1,0.5,,,
517,Female,Strawweight,USA,Carla Esparza,Cookie Monster,127,1,1,0.5,,,
518,Female,Strawweight,USA,Felice Herrig,Lil Bulldog,26,1,1,0.5,,,
519,Female,Strawweight,Other,Randa Markos,Quiet Storm,74,1,1,0.5,,,
520,Female,Strawweight,Other,Maryna Moroz,The Iron Woman,80.5,1,1,0.5,,,
521,Female,Strawweight,USA,Rose Namajunas,Thug,170,1,1,0.5,,,
522,Female,Strawweight,USA,Jessica Penne,,132,1,1,0.5,,,
523,Female,Strawweight,AUS,Bec Rawlings,Rowdy,24,1,1,0.5,,,
524,Female,Strawweight,USA,Kailin Curran,,66,0,2,0,,,
525,Female,Strawweight,USA,Angela Magana,Your Majesty,20.5,0,2,0,,,
526,Female,Strawweight,RUS,Aleksandra Albu,Stitch,16,1,0,1,,,
527,Female,Strawweight,USA,Heather Jo Clark,Hurricane,16,1,0,1,,,
528,Female,Strawweight,USA,Michelle Waterson,The Karate Hottie,32.5,1,0,1,,,
529,Female,Strawweight,MEX,Jessica Aguilar,Jag,12.5,0,1,0,,,
530,Female,Strawweight,BRA,Ericka Almeida,,10,0,1,0,,,
531,Female,Strawweight,USA,Nina Ansaroff,The Strina,16,0,1,0,,,
532,Female,Strawweight,USA,Cortney Casey-Sanchez,Cast Iron,62.5,0,1,0,,,
533,Female,Strawweight,KOR,Seohee Ham,Hamderlei Silva,8,0,1,0,,,
534,Female,Strawweight,USA,Emily Kagan,,8,0,1,0,,,
535,Female,Strawweight,Other,Tina Lahdemaki,Jelly Bean,8,0,1,0,,,
536,Female,Strawweight,POL,Karolina Kowalkiewicz,,0,0,0,0,,,
